subj,gender,vowel,f1,f2,f3
Speaker105,m,i,281.156477081869,2157.88903297221,2588.40596419695
Speaker105,m,i,280.351751910952,2166.53795303477,2592.59009697722
Speaker105,m,i,270.94371438315,2245.81398667854,2586.29315339433
Speaker105,m,ĩ,285.712080834962,2093.98957614177,2543.55287364424
Speaker105,m,ĩ,285.774602586583,2047.68443816879,2507.6562552987
Speaker105,m,ĩ,280.0805054953,1956.97198462339,2479.48994018587
Speaker105,m,i,367.032928166992,2047.63026655233,2580.00103628398
Speaker105,m,i,371.05916823945,2040.54631936608,2585.40637460252
Speaker105,m,i,353.184840900534,2026.18745086887,2577.21948535525
Speaker105,m,ĩ,339.308453282523,2179.88443000491,2623.32187889845
Speaker105,m,ĩ,345.95739520047,2293.20709959106,2587.72302570194
Speaker105,m,ĩ,336.781126277702,2200.83008448613,2689.8225417239
Speaker105,m,i,329.514533052456,1914.01125434025,2470.55129633405
Speaker105,m,i,348.902281573188,1968.16339056956,2488.81353782343
Speaker105,m,i,305.425555396573,1969.15563876935,2468.7280186201
Speaker105,m,ĩ,301.837852163208,2134.56851816803,2627.36387642206
Speaker105,m,ĩ,275.599952081056,2205.31924845198,2560.16051326545
Speaker105,m,ĩ,280.806170210738,2222.86787310286,2678.70832530297
Speaker105,m,i,380.761611557738,2042.51630438373,2797.22606385818
Speaker105,m,i,387.898227741193,2109.38386179542,2662.77050873175
Speaker105,m,i,408.206474967611,1974.74363021944,2641.83861846691
Speaker105,m,ĩ,370.592105738635,2081.7659748466,2844.13205859337
Speaker105,m,ĩ,366.236001377735,2082.12799456224,2955.38379169784
Speaker105,m,ĩ,330.35490568078,2255.37774430606,2987.8384297076
Speaker105,m,i,358.674816496168,2331.74617447736,2453.44852097861
Speaker105,m,i,356.445039244179,2172.03514602144,2527.87588519117
Speaker105,m,i,349.1935362696,2356.79426350784,2957.75623947874
Speaker105,m,ĩ,320.365291333116,2376.27906502872,2794.85107967302
Speaker105,m,ĩ,335.885358487843,2077.69254314855,2447.49927655997
Speaker105,m,ĩ,409.939165804861,2508.09984110196,3021.84518549248
Speaker105,m,e,375.91026843867,2039.75449483312,2500.11301362188
Speaker105,m,e,435.581520078879,1944.95076822125,2545.13941988257
Speaker105,m,e,444.24719831224,1824.90217268982,2547.031622573
Speaker105,m,ẽ,444.566845497561,1914.07313651059,2515.58820949121
Speaker105,m,ẽ,459.241310011526,1844.66517257111,2445.63746648939
Speaker105,m,ẽ,421.418887927928,1953.62699369195,2514.93301869997
Speaker105,m,e,444.638260095415,1845.61073375627,2572.34194176628
Speaker105,m,e,450.846848993034,1830.3883809224,2523.41905888845
Speaker105,m,e,460.517529893027,1841.43741741864,2522.56133856195
Speaker105,m,ẽ,434.528485275484,1733.45481013445,2719.16115464302
Speaker105,m,ẽ,412.513524989426,1807.0354642338,2705.16354650054
Speaker105,m,ẽ,425.407451138013,1794.02480637366,2474.76084842093
Speaker105,m,e,455.389663920119,1860.73656800674,2494.85743227322
Speaker105,m,e,431.928251837034,1876.5416934707,2456.11206832418
Speaker105,m,e,456.012633337879,1901.85346840898,2483.20748261071
Speaker105,m,ẽ,497.222321648307,1774.1946439865,2454.95672264937
Speaker105,m,ẽ,509.457686127516,1757.59219176733,2423.42248969745
Speaker105,m,ẽ,473.153351032072,1855.13282172683,2501.69492005023
Speaker105,m,ɛ,513.041504275888,1660.87034026196,2428.1405141081
Speaker105,m,ɛ,487.760315403825,1695.01816325554,2439.42397222434
Speaker105,m,ɛ,493.696354258187,1725.02182553055,2422.4734111405
Speaker105,m,ɛ,476.487466279396,1729.75559676873,2378.5374711595
Speaker105,m,ɛ,494.5370700553,1685.49753134638,2426.08191359137
Speaker105,m,ɛ̃,528.721151279708,1723.30483363278,2404.24692048072
Speaker105,m,ɛ̃,534.967894678734,1699.9131587531,2454.93479525937
Speaker105,m,ɛ̃,548.582863506733,1652.76407003843,2416.49263682019
Speaker105,m,ɛ,523.269400780523,1696.44412836823,2498.09070840136
Speaker105,m,ɛ,500.934647928494,1713.66318394633,2480.51287905325
Speaker105,m,ɛ,501.869282799047,1709.52303026007,2506.25400711638
Speaker105,m,ɛ,492.935692482727,1717.65239983474,2520.73110899543
Speaker105,m,ɛ̃,598.303935346366,1953.91265879376,2692.07320076232
Speaker105,m,ɛ̃,614.486952755383,1817.06279746216,2655.52154355355
Speaker105,m,ɛ̃,637.310249426815,1778.57924254921,2587.49185836693
Speaker105,m,ɛ,587.994746475431,1654.51038159358,2463.61293960127
Speaker105,m,ɛ,542.300592791033,1664.55345221374,2403.89688790578
Speaker105,m,ɛ,527.75016359299,1646.48790610616,2317.99952865263
Speaker105,m,ɛ̃,621.718962877518,1620.64941127632,2587.76512214412
Speaker105,m,ɛ̃,598.593542632193,1652.69281871109,2645.68789642618
Speaker105,m,ɛ̃,606.569965705944,1599.03363451491,2628.27082278455
Speaker105,m,ɛ,522.949247807072,1745.26677136901,2529.98538099107
Speaker105,m,ɛ,536.353187914537,1732.85395555444,2469.17543139397
Speaker105,m,ɛ,541.154748146827,1608.64169945465,2461.26917045631
Speaker105,m,ɛ̃,542.294501594971,1724.4506198911,2664.19336748985
Speaker105,m,ɛ̃,531.922596778263,1522.20695315265,2651.51852598319
Speaker105,m,ɛ̃,528.182422477671,1560.26966395595,2700.68588997937
Speaker105,m,ɛ,463.402037577033,1901.20338559818,2736.88318360243
Speaker105,m,ɛ̃,476.653369280651,1721.3681558423,2397.36508596772
Speaker105,m,ɛ̃,454.957972326597,1808.69975682887,2451.23325341792
Speaker105,m,ɛ̃,472.019644796511,1885.50403182348,2425.48327565936
Speaker105,m,ɛ,494.089608043383,1799.40492922838,2501.32773958738
Speaker105,m,ɛ,529.948085858575,1744.79693343264,2496.45419496817
Speaker105,m,ɛ,535.914179962173,1720.21016307664,2375.15829867464
Speaker105,m,ɛ̃,452.062344108869,1854.24951431658,2430.19184978017
Speaker105,m,ɛ̃,466.06666851329,1895.59232661351,2479.54802216851
Speaker105,m,ɛ̃,474.301526789171,1849.46625302661,2380.98210347194
Speaker105,m,ɨ,475.657205568314,1160.83167130092,2600.51696598451
Speaker105,m,ɨ,474.62343291634,1018.94138346193,2558.8719649762
Speaker105,m,ɨ,422.993179157668,922.816142926065,2680.13824986429
Speaker105,m,ə̃,575.549925316711,1397.38772815498,2838.53087755907
Speaker105,m,ə̃,569.833277541166,1424.67214889073,2478.50375975744
Speaker105,m,ə̃,515.629797413188,1431.37238204666,2496.89664030219
Speaker105,m,ə̃,500.453705944373,1527.79174114297,2552.38904836036
Speaker105,m,ə,516.57053350573,1017.34743072896,2591.21426242582
Speaker105,m,ə,545.776400188717,1144.71494115343,2536.47394413192
Speaker105,m,ə,551.900667913748,1101.30055575514,2537.16432441368
Speaker105,m,ɨ̃,539.848738431622,1106.17354646323,2574.33727090752
Speaker105,m,ɨ̃,526.962777218247,1098.78721963771,2627.93967415355
Speaker105,m,ɨ̃,546.983532194596,1152.75340012882,2559.51160740143
Speaker105,m,ə,608.067190730562,1286.6612993622,2389.9415662097
Speaker105,m,ə,591.581154840466,1311.9233907403,2414.48643393764
Speaker105,m,ə,622.01184016524,1433.92321881503,2470.71057614793
Speaker105,m,ə̃,515.010561362878,1491.21910825014,2369.00608230104
Speaker105,m,ə̃,538.544864388998,1317.91737129207,2496.97155601821
Speaker105,m,ə̃,513.542400888333,1375.67468225866,2387.40965718696
Speaker105,m,ə,490.663556860334,1177.90134288721,2396.5063031266
Speaker105,m,ə,514.218669918722,1293.54477346885,2407.44172400016
Speaker105,m,ə,498.62738790079,1292.25596841744,2429.28964418229
Speaker105,m,ɨ̃,539.335409019137,1162.41125918246,2490.30081735505
Speaker105,m,ɨ̃,574.372698524678,1142.9030583622,2612.404719125
Speaker105,m,ɨ̃,555.359753998001,1025.25819469784,2625.16410750179
Speaker105,m,ə,557.990300234984,1296.71805127111,2450.3885880257
Speaker105,m,ə,552.082860967495,1313.35985206411,2485.4476105087
Speaker105,m,ə,530.70431893286,1269.31611091073,2481.4896404691
Speaker105,m,ə̃,539.84446470926,1305.70696517946,2545.44402679061
Speaker105,m,ə̃,489.375084443328,1355.76885675666,2609.11616110726
Speaker105,m,ə̃,555.191262430456,1385.52405436641,2544.68190977281
Speaker105,m,a,634.316617832504,1380.3818932377,2299.66457108741
Speaker105,m,a,627.337490585671,1343.91442170459,2321.5764751458
Speaker105,m,a,663.295389894454,1273.12590342588,2445.57617741149
Speaker105,m,ã,698.886042948241,1331.04495185926,2328.2780171523
Speaker105,m,ã,696.516188246482,1367.42141802673,2314.97089090071
Speaker105,m,ã,695.21196864524,1281.1043706821,2314.84423757952
Speaker105,m,a,674.913957396894,1271.78497181414,2330.67264860891
Speaker105,m,a,687.148704482436,1308.38103729617,2360.69226645393
Speaker105,m,a,678.69363988747,1291.29233171361,2381.32450125221
Speaker105,m,ã,734.388876685067,1359.7012431437,2695.61940860215
Speaker105,m,ã,728.806484811567,1241.1550496943,2476.35426927103
Speaker105,m,ã,662.840959571527,1282.91081378188,2698.5721597832
Speaker105,m,a,566.638418844307,1581.31563427032,2328.81492482414
Speaker105,m,a,618.163314908685,1527.32509405767,2283.36850735906
Speaker105,m,a,597.212909584458,1500.54440514976,2305.13419520904
Speaker105,m,ã,674.36071963355,1438.63329159355,2439.94022222444
Speaker105,m,a,622.46768653879,1163.80621128774,2501.05740046726
Speaker105,m,a,666.031024306115,1185.35731018966,2555.7248231988
Speaker105,m,a,644.419631393103,1144.9020512596,2531.28896002919
Speaker105,m,ã,708.662133415576,1052.6818694552,2598.65887140304
Speaker105,m,ã,674.871269855667,1118.96444437505,2668.99631110379
Speaker105,m,a,659.757890035231,1440.49147791499,2343.78878576815
Speaker105,m,a,628.416666635734,1423.50854835521,2324.47626175776
Speaker105,m,a,575.011324432473,1408.33484454054,2333.5051740646
Speaker105,m,ã,690.896088822039,1380.02795708508,2449.10325697163
Speaker105,m,ã,701.707904916447,1448.74485929689,2521.92912055068
Speaker105,m,ã,635.126488404533,1377.1836407517,2373.32651778712
Speaker105,m,u,299.124644266137,1061.27288582027,2434.24506341572
Speaker105,m,u,334.699837805331,953.446411662091,2385.61836799052
Speaker105,m,u,352.901753282337,1072.12954517812,2339.31836236929
Speaker105,m,ũ,356.595641246212,1087.64041729841,2441.88453463872
Speaker105,m,u,378.527106689989,959.367855238841,2535.88123562331
Speaker105,m,u,356.033912621011,991.721886468422,2618.90320241134
Speaker105,m,u,352.071230686818,985.661058917072,2742.00346685039
Speaker105,m,ũ,397.523335663838,1003.09516282779,2563.60061988596
Speaker105,m,ũ,364.608725298606,1019.51196725589,2593.79749045241
Speaker105,m,ũ,353.988881205429,1001.04349465797,2573.91774440642
Speaker105,m,u,333.072775348063,754.244958516835,2506.89029341659
Speaker105,m,u,336.379126661553,800.819252314782,2507.53210282654
Speaker105,m,u,343.875341804209,873.109956092922,2521.05865068975
Speaker105,m,ũ,363.045825785644,1022.29969583722,2353.98581328843
Speaker105,m,ũ,339.589314061084,948.276645349405,2503.73603731496
Speaker105,m,ũ,353.872156490982,1002.74489417801,2395.39288072006
Speaker105,m,o,430.568563499196,994.072585191848,2581.37996711778
Speaker105,m,o,435.460972958363,1033.41862873618,2603.10879374371
Speaker105,m,o,436.115906538643,961.897267117327,2665.10788840129
Speaker105,m,õ,470.264997047497,938.941411051533,2836.51054564545
Speaker105,m,õ,563.721021690742,985.75962866473,2746.01310612488
Speaker105,m,o,503.583638459788,1030.5913003853,2550.40291954422
Speaker105,m,o,511.913071274732,1008.98489065253,2665.67625775567
Speaker105,m,o,512.216698454043,948.930899276297,2657.74422799652
Speaker105,m,õ,443.567974045691,809.321822066485,2707.2052108143
Speaker105,m,õ,462.657249264785,837.187779432534,2806.3809761311
Speaker105,m,õ,462.19692959275,810.393907715375,2858.19906564251
Speaker105,m,o,442.449478093177,783.705714693591,2655.20098361914
Speaker105,m,o,407.761272338624,745.477657898871,2643.93896662779
Speaker105,m,o,430.349161828224,857.720261882856,2582.42802100299
Speaker105,m,õ,480.775944061186,841.887665860645,2561.87562813663
Speaker105,m,õ,579.790021974573,986.071282624955,2576.36508745698
Speaker105,m,o,500.990790744027,926.863847928698,2614.82895339396
Speaker105,m,o,512.850030585904,900.93832413635,2634.11503480344
Speaker105,m,o,521.872349552565,954.169159127542,2733.89497460536
Speaker105,m,ɔ̃,594.313510859067,1027.45609409973,2840.03115370559
Speaker105,m,ɔ̃,618.18612513731,944.060355172534,2660.85351393646
Speaker105,m,ɔ̃,576.552291130159,893.070290530009,2650.53214064377
Speaker105,m,o,487.976214402248,1060.38900590904,2647.47966577662
Speaker105,m,o,507.765731475013,1072.1274698401,2601.65119108493
Speaker105,m,o,499.469992103865,1047.20914131631,2612.89989277638
Speaker105,m,ɔ̃,573.742671115101,1164.96330951155,2437.87797269289
Speaker105,m,ɔ̃,606.081076647209,1130.54123252654,2523.28907137691
Speaker105,m,ɔ̃,587.703113152731,1105.53651951408,2469.20790084984
Speaker105,m,ɔ,556.638405475772,1060.70400318084,2464.7001816992
Speaker105,m,ɔ,582.683964240395,1039.22389877076,2565.07033992545
Speaker105,m,ɔ,558.433105101769,1047.71289145796,2575.791668028
Speaker105,m,ɔ̃,600.200829018119,1130.08445597766,2335.49178224288
Speaker105,m,ɔ̃,543.417771966657,985.508536213245,2551.08502543878
Speaker105,m,ɔ̃,624.252716330064,898.318283877381,2609.91345916376
Speaker105,m,ɔ,538.557151214007,1056.10018790374,2610.36446574478
Speaker105,m,ɔ,531.402486542363,1067.13950962068,2720.38889209077
Speaker105,m,ɔ,536.512833690538,1073.32590052447,2618.13861506454
Speaker105,m,ɔ̃,586.336698911996,1234.30239484317,2508.22211133119
Speaker105,m,ɔ̃,528.319942843305,1112.2916147666,2576.84423479827
Speaker105,m,ɔ̃,563.054823025736,1054.04094338046,2545.22096382986
Speaker105,m,ɔ,562.348124796313,1014.62490247423,2428.02249975098
Speaker105,m,ɔ,536.446321792196,1047.67495889189,2490.66014657518
Speaker105,m,ɔ,553.791198646651,1011.73347236493,2400.40621364423
Speaker105,m,ɔ̃,634.766584568193,1142.46004368959,2395.23459738573
Speaker105,m,ɔ̃,657.693765106618,1099.47384347054,2479.38543752978
Speaker105,m,ɔ,553.5281098265,1027.61100458717,2425.8846157647
Speaker105,m,ɔ,504.256124001656,956.531744588914,2580.26855166458
Speaker105,m,ɔ,560.785012069608,1023.69976813922,2390.88086806172
Speaker105,m,ɔ̃,585.118625083034,965.399511552316,2545.46467157164
Speaker105,m,ɔ̃,528.618160975681,970.442427857104,2407.81523564213
Speaker105,m,ɔ̃,613.477904222399,928.827197770763,2586.17121521791
Speaker95,m,i,286.041987798375,2251.92931788177,3120.06179080031
Speaker95,m,ĩ,309.997742898992,2288.67639281563,2996.01196292236
Speaker95,m,i,327.340130701116,2050.84230330843,2448.04121004412
Speaker95,m,ĩ,340.687794631852,2174.09158389874,2651.9698914591
Speaker95,m,i,339.171920398828,2263.1583426311,2844.79900103258
Speaker95,m,ĩ,359.069232304773,2144.72770427222,2801.01492275571
Speaker95,m,ĩ,351.371249031553,2383.11137914824,2907.23350765586
Speaker95,m,i,356.364457419366,2082.70341866594,2867.95557909122
Speaker95,m,ĩ,346.124553851785,2270.91022955875,3146.36461335262
Speaker95,m,i,302.332436727482,2262.85440756735,3082.96256676165
Speaker95,m,i,298.549074272987,2337.92993918315,3474.46755855821
Speaker95,m,e,355.615760324498,2071.18973789025,2563.00118458235
Speaker95,m,ẽ,511.677094421733,1926.05897287384,2489.10344477603
Speaker95,m,e,502.033090279084,1639.27695160861,2654.78058193418
Speaker95,m,e,384.723004272807,1883.73073438698,2648.59611478624
Speaker95,m,ẽ,471.06538365029,1858.58600413013,2654.09119089918
Speaker95,m,ẽ,398.237636039197,1774.15909012076,2714.50014363129
Speaker95,m,ẽ,392.281153620036,1801.62373976902,2661.00240933028
Speaker95,m,e,403.27469475175,2038.93872643923,2507.94568500497
Speaker95,m,ẽ,565.716968909387,1757.03857562485,2632.15431281328
Speaker95,m,ɛ,431.570610861935,1818.04262117363,2544.04481087034
Speaker95,m,ɛ̃,451.635756403524,1937.58695624081,2720.23472682453
Speaker95,m,ɛ,466.401568471546,1837.47848942229,2689.07235929633
Speaker95,m,ɛ̃,494.545093419387,1876.08093493276,2660.42428197199
Speaker95,m,ɛ,518.60323548245,1790.12808049296,2562.99971267415
Speaker95,m,ɛ,500.292315658265,1777.83319842337,2629.87479640995
Speaker95,m,ɛ,529.557401690309,1708.74902359914,2596.10382884498
Speaker95,m,ɛ̃,523.018199286064,1828.05467570852,2614.26591985857
Speaker95,m,ɛ,443.213989075711,1830.44194546493,2464.80297413942
Speaker95,m,ɛ̃,400.291148364089,1948.26354234454,2781.33851192374
Speaker95,m,ɛ̃,445.66010364186,1913.07857622809,2625.26821321296
Speaker95,m,ɛ,538.725277650696,1748.82649984548,2391.2587059042
Speaker95,m,ɛ̃,546.698316389783,1800.53403899884,2466.63851518818
Speaker95,m,ɛ,545.61931805498,1805.61298128825,2458.12068162593
Speaker95,m,ɛ,560.207929399874,1718.86990767157,2430.50226817552
Speaker95,m,ɛ,571.767841885321,1778.15185589092,2428.97982415253
Speaker95,m,ɛ̃,528.994202704498,1908.60427414586,2409.98753085713
Speaker95,m,ɨ,417.107806360158,1273.24842461024,2416.6813360968
Speaker95,m,ɨ,431.332842635769,1169.54958814004,2480.39815378287
Speaker95,m,ɨ,426.229909607622,1573.0450442549,2410.15120772741
Speaker95,m,ɨ,420.569299975561,1680.47565092574,2560.69774327822
Speaker95,m,ə̃,436.622853507213,1281.20114559787,2541.41124341188
Speaker95,m,ə,511.679204460329,1015.57042494138,2378.10049791965
Speaker95,m,ɨ̃,517.704655134243,1138.27747311968,2355.80158601831
Speaker95,m,ɨ̃,565.269398227608,1064.35552690125,2446.37252379592
Speaker95,m,ə,486.017023879383,1156.0768161268,2356.42696373622
Speaker95,m,ə,536.755366084094,1139.91507573992,2429.82135820303
Speaker95,m,ə̃,484.956482894147,1252.04751506011,2615.38983092289
Speaker95,m,ə̃,437.253288075298,1345.02818266576,2537.42385623367
Speaker95,m,ə̃,441.441279433319,1281.88559596296,2498.68279159635
Speaker95,m,a,672.761652888548,1245.81684570163,2324.69438729772
Speaker95,m,ã,619.434159106283,1286.82606063635,2199.86823059687
Speaker95,m,a,731.877665676451,1361.34097855837,2318.56650254342
Speaker95,m,ã,682.830311376884,1337.70216309435,2425.58585758924
Speaker95,m,a,543.849024799716,1611.19096504398,2407.16357039149
Speaker95,m,a,621.155616723287,1553.65092810242,2386.64806453096
Speaker95,m,ã,691.078508915986,1308.0438830775,2376.98486523264
Speaker95,m,ã,682.182762105843,1358.71224306197,2421.89340268091
Speaker95,m,a,695.802785905521,1259.69581764197,2376.27820373707
Speaker95,m,a,724.471026539063,1171.80248556057,2337.76309403129
Speaker95,m,a,838.11902475792,1494.07015312206,2373.87858733555
Speaker95,m,a,741.698086786431,1354.16541630248,2249.55497700642
Speaker95,m,ã,761.903910615855,1425.37006278912,2008.12282499171
Speaker95,m,u,367.085048739688,1103.84935663592,2433.8910243458
Speaker95,m,ũ,384.815289352325,1058.65403457647,2643.85380832616
Speaker95,m,ũ,345.413611545917,857.529646675684,2478.34746379664
Speaker95,m,ũ,356.317634519771,872.967408711493,2461.31731856875
Speaker95,m,u,374.380143977622,1005.94751438373,2265.26915193029
Speaker95,m,ũ,322.532610307812,1100.94723991391,1995.87405472332
Speaker95,m,ũ,373.012061838348,1091.53954384174,2121.22574137249
Speaker95,m,o,381.789122538772,1057.658404776,2392.5638661883
Speaker95,m,õ,596.897392248463,889.953152443134,2364.77189293091
Speaker95,m,õ,692.640055631516,878.509942908353,2369.39916705337
Speaker95,m,o,476.650803814728,1036.39977933296,2281.49403660728
Speaker95,m,o,399.208856418917,955.403562280146,2378.124799744
Speaker95,m,õ,400.561564864581,789.213737770837,2622.91682719876
Speaker95,m,õ,391.543319124305,904.87566472123,2621.33135767064
Speaker95,m,o,421.75258346143,801.415392431866,2470.9526814723
Speaker95,m,o,415.239079222493,852.833385093837,2517.72387540577
Speaker95,m,õ,408.896410561137,802.19498149077,2476.02373511491
Speaker95,m,õ,499.392836055778,882.012327953291,2755.90964655409
Speaker95,m,o,507.648063400155,934.712899397482,2340.74685101658
Speaker95,m,o,397.587361987951,797.13417701193,2479.88278927988
Speaker95,m,ɔ̃,571.802536700087,924.470322984801,2430.92457037899
Speaker95,m,ɔ̃,519.438597012608,958.522341614538,2308.19348754563
Speaker95,m,ɔ̃,516.675468860399,1017.22554203829,2361.85397171421
Speaker95,m,ɔ,563.143371084365,964.445978330188,2258.26670703452
Speaker95,m,ɔ,542.610726312504,993.159820548914,2319.77147496975
Speaker95,m,ɔ̃,428.124937378589,1113.93547733735,2338.04109036599
Speaker95,m,ɔ̃,488.027132915914,1053.40239583677,2463.48907213377
Speaker95,m,ɔ̃,429.87598350746,956.044863534503,2447.75702520891
Speaker95,m,ɔ,571.444072236773,880.674090120879,2361.59658910255
Speaker95,m,ɔ,521.605987476139,1010.50985247937,2382.59499664023
Speaker95,m,ɔ̃,497.809643956414,844.248011868386,2288.18432846112
Speaker99,m,i,287.777364844757,2464.22079157284,2881.18032411709
Speaker99,m,i,306.248147342453,2601.63583552289,2868.61805586487
Speaker99,m,i,293.056484889228,2662.18075102492,2986.38145383808
Speaker99,m,ĩ,287.467957684161,2556.53185525352,2695.19105798534
Speaker99,m,ĩ,289.034703761485,2550.86114360443,2890.09200217083
Speaker99,m,ĩ,300.076594483045,2626.88911701653,2962.23334081671
Speaker99,m,i,346.555511539777,2031.38242508911,2240.55695846233
Speaker99,m,i,358.737683298307,2024.32219349816,2262.32675960254
Speaker99,m,i,340.289710853175,2035.20382316074,2243.07689485571
Speaker99,m,ĩ,314.522470489229,2103.10342214502,2674.59048609428
Speaker99,m,ĩ,368.138955273392,2133.05307205786,2923.54349807657
Speaker99,m,i,326.250518084065,2523.43148596071,3024.2670303306
Speaker99,m,i,333.52474622358,2510.12942299791,3060.06614600833
Speaker99,m,i,332.191409127068,2539.54108928267,2683.04977947045
Speaker99,m,ĩ,332.053715624258,2465.18297033958,2532.50880143782
Speaker99,m,ĩ,330.425967181998,2469.67957851143,2578.79474192623
Speaker99,m,ĩ,335.289278585112,2385.98397619363,2627.82703186205
Speaker99,m,i,339.892367041072,2124.41814104146,2418.8028754905
Speaker99,m,i,328.287587562261,2531.85101047868,3400.0836040678
Speaker99,m,i,320.245105110292,2450.8303392858,2581.79919867576
Speaker99,m,ĩ,346.494393783683,2298.27562812478,2436.16329425017
Speaker99,m,ĩ,339.951276027589,2335.12955409081,2349.02869222105
Speaker99,m,ĩ,344.996952329797,2241.58266599349,2297.43736291192
Speaker99,m,i,319.20113350337,2314.75323108886,2910.35698332863
Speaker99,m,i,323.322885947134,2315.20705503564,2985.32721848581
Speaker99,m,i,320.305027122813,2357.31766891454,2941.52422384839
Speaker99,m,ĩ,340.381672974294,2339.31647310568,3303.24638211902
Speaker99,m,ĩ,332.175445867114,2419.95758270967,2939.57084570157
Speaker99,m,ĩ,335.879630269542,2362.8107715377,3368.3517302443
Speaker99,m,e,392.560640477383,2095.41483757597,2265.13823081982
Speaker99,m,e,388.02202784421,2277.71201428662,2433.29543761766
Speaker99,m,e,406.825630828859,2088.13219156746,2335.34225053962
Speaker99,m,ẽ,616.700440643683,1773.30740672614,2106.10036049058
Speaker99,m,ẽ,649.688372313107,1859.22509156799,2238.3546642454
Speaker99,m,ẽ,544.406193789348,1943.00547639534,2276.60270655733
Speaker99,m,e,478.850277570917,1784.81686310265,2193.98959515346
Speaker99,m,e,425.927950604586,1949.03215014578,2467.32530786791
Speaker99,m,e,473.555482100766,1836.49030409314,2654.77893454011
Speaker99,m,ẽ,497.466059967719,1651.02348016853,2350.30376723629
Speaker99,m,ẽ,593.805196659827,1643.83614231911,2351.92469689769
Speaker99,m,ẽ,534.871024589465,1621.71043487765,2346.61009523024
Speaker99,m,e,422.467407672729,2006.20127271673,2324.14604209146
Speaker99,m,e,422.702457944949,2091.13238773436,2138.20074646121
Speaker99,m,e,425.10320292718,2035.94418549559,2522.80874225403
Speaker99,m,ẽ,641.853204892667,1733.54527933598,2260.37399102579
Speaker99,m,ẽ,606.591017951494,1889.17380106832,2416.62081744525
Speaker99,m,ẽ,615.521269497747,1724.24719050427,2141.56275001786
Speaker99,m,ɛ,512.729056056854,1691.15055102242,2291.9029480597
Speaker99,m,ɛ,481.882679220674,1772.71602311744,2270.15429382883
Speaker99,m,ɛ,492.14361809171,1872.33588165691,2331.80692691715
Speaker99,m,ɛ̃,602.91248108239,1922.42065470495,2167.25495739212
Speaker99,m,ɛ̃,548.337108525431,2027.90486786107,2467.77370921314
Speaker99,m,ɛ̃,584.497582386928,1919.8409578826,2381.7799512329
Speaker99,m,ɛ̃,497.630417119729,2088.2535579741,2142.0011273895
Speaker99,m,ɛ̃,507.496700413171,2009.16677882446,2264.21176572532
Speaker99,m,ɛ̃,505.267293387847,1953.2379393185,2279.13490376468
Speaker99,m,ɛ,582.862747101227,1782.07672466632,2325.19855121025
Speaker99,m,ɛ,555.729318317523,1764.65497309045,2426.18506212313
Speaker99,m,ɛ,594.597732472938,1760.85249088973,2434.72648390982
Speaker99,m,ɛ̃,595.89085518718,1721.90803447643,2261.75078398166
Speaker99,m,ɛ̃,609.974780252358,1835.59290284369,2491.91960827844
Speaker99,m,ɛ̃,567.021248339661,1773.31013016065,2231.49313379868
Speaker99,m,ɛ,505.984881861623,1742.73659365233,2348.51699785849
Speaker99,m,ɛ,519.135784069058,1710.23395954311,2392.55006571664
Speaker99,m,ɛ,509.993451672312,1746.17319019874,2231.56253242055
Speaker99,m,ɛ̃,497.952690804386,1857.13991323983,2282.16919476881
Speaker99,m,ɛ̃,540.45837287975,1883.22705952472,2397.12208863474
Speaker99,m,ɛ̃,525.485363762218,1958.55110922674,2497.85904985254
Speaker99,m,ɛ,558.297299058164,1873.29896549618,2311.58638184497
Speaker99,m,ɛ,516.486790647218,1871.4402226773,2463.22760289225
Speaker99,m,ɛ,482.144280605933,1920.86621991451,2392.76243810842
Speaker99,m,ɛ̃,566.978328069732,2008.82619687011,2506.22798791939
Speaker99,m,ɛ̃,593.691404752599,1957.25234052221,2101.24587883736
Speaker99,m,ɛ̃,582.389551236351,1841.61645591893,2099.52882257004
Speaker99,m,ɛ,583.126405288711,1683.05953153942,2684.6509043112
Speaker99,m,ɛ,561.563186247639,1673.555739583,2396.85749441228
Speaker99,m,ɛ̃,659.422377882333,1672.4883921428,2280.76191550626
Speaker99,m,ɛ̃,644.322538349907,1845.83422229348,2375.77543291974
Speaker99,m,ɛ̃,638.592768167114,1761.10976513561,2368.7214351399
Speaker99,m,ɨ,449.199534768089,1213.15465299696,2358.28617211049
Speaker99,m,ɨ,470.736956149754,1189.48489435358,2506.5974822203
Speaker99,m,ə̃,479.50106926343,1392.06298391384,2571.16637457281
Speaker99,m,ɨ,482.811293259851,1265.81164044694,2757.88425168191
Speaker99,m,ɨ,472.520043200552,1278.53702526058,2620.52130003137
Speaker99,m,ɨ,494.105512913702,1197.97041748496,2630.2156635723
Speaker99,m,ə̃,451.701151027274,1500.30566069689,2474.83172890144
Speaker99,m,ə̃,473.548762488645,1310.40575194823,2548.66612745001
Speaker99,m,ə̃,488.834572732494,1315.1049169693,2398.40846102398
Speaker99,m,ə,525.120054801305,913.075961084308,2536.34897925816
Speaker99,m,ə,565.824163422565,919.950463697113,2469.14724600004
Speaker99,m,ɨ̃,472.948577163188,1062.20432597723,2502.28572823185
Speaker99,m,ɨ̃,504.971132089906,1057.38478440462,2505.97323910938
Speaker99,m,ɨ̃,502.373376752282,1033.11934743617,2315.45999141886
Speaker99,m,ə,503.681002635445,1235.56700967658,2551.49719141878
Speaker99,m,ə,533.53138028141,1250.6614804594,2478.41423798984
Speaker99,m,ə,517.479020417308,1173.93977918497,2582.83967395382
Speaker99,m,ə̃,517.797349168819,1089.61811482397,2537.23722073271
Speaker99,m,ə̃,478.711622480062,1171.96856752388,2529.23917553536
Speaker99,m,ə,510.945614357078,1214.83901413908,2516.68668319443
Speaker99,m,ə,480.191958090453,1193.97791583737,2578.36351740123
Speaker99,m,ə,470.621874018778,1091.36553581493,2571.11721908765
Speaker99,m,ɨ̃,437.65415852376,1017.08002866202,2595.34136510115
Speaker99,m,ɨ̃,469.560770972729,1032.31476841201,2518.83505610178
Speaker99,m,ɨ̃,456.636658521358,1064.44762787135,2488.83053976966
Speaker99,m,ə,580.680844553959,1259.75610609007,2755.75905805322
Speaker99,m,ə,573.472589835692,1260.62474580096,2630.19492791746
Speaker99,m,ə,591.289171925116,1265.95359275298,2797.91623321526
Speaker99,m,ə̃,471.418409570999,1249.86991363452,2534.33014337016
Speaker99,m,ə̃,457.349447585004,1308.64951961114,2467.89831943253
Speaker99,m,a,692.77868812877,1169.2845593949,2375.89949753204
Speaker99,m,a,720.932403567232,1084.8991038128,2497.40317734611
Speaker99,m,a,726.766737008897,1083.0437669854,2812.95233746395
Speaker99,m,ã,718.208547972306,1177.95637901448,2463.63211519364
Speaker99,m,ã,733.914096460536,1246.07443547022,2275.87581810997
Speaker99,m,ã,706.314159254775,1213.05381225785,2225.89184933283
Speaker99,m,a,741.361859107918,1237.38486479002,2809.24926653458
Speaker99,m,ã,700.298519544073,1233.93687249257,2805.13095838885
Speaker99,m,a,744.915941730121,1250.5264086211,2772.9681837993
Speaker99,m,ã,686.169048367656,1125.95047113586,2276.41897960864
Speaker99,m,ã,726.665543648781,1182.76870370772,2674.37968165881
Speaker99,m,ã,711.20114659116,1188.24784130925,2467.59740440435
Speaker99,m,a,753.83633511369,1334.50133317874,2332.09635490396
Speaker99,m,a,718.236910690328,1352.48065888526,2342.43493585412
Speaker99,m,a,732.42550874533,1409.13605583712,2335.48469076226
Speaker99,m,ã,705.624312864229,1303.29818663421,2276.90958515158
Speaker99,m,ã,707.927968128807,1292.08017296974,2229.17702162011
Speaker99,m,ã,735.617187668562,1243.2458814942,2386.5132364918
Speaker99,m,a,737.229540924634,1127.5929056929,2902.60923398343
Speaker99,m,a,732.684707177669,1163.58698277146,2781.94844088741
Speaker99,m,a,717.345046466559,1208.14775711146,2863.11992234645
Speaker99,m,ã,700.021011406629,1075.54777410309,2544.82938356512
Speaker99,m,ã,701.109918275806,1143.29188036331,2426.87765185038
Speaker99,m,ã,691.074401726957,1076.21484369965,2366.52926728008
Speaker99,m,a,728.34797495547,1374.14203205967,2405.31982101224
Speaker99,m,a,772.663633559162,1368.61147085279,2577.14012849841
Speaker99,m,a,740.694224991673,1378.19392139222,2273.71713386114
Speaker99,m,ã,667.380630596432,1341.25645674267,2099.86831372917
Speaker99,m,ã,719.617529606206,1383.25082094239,2666.99641445307
Speaker99,m,ã,723.549117256083,1350.07201298782,2142.02440807146
Speaker99,m,u,346.766231690637,962.460543603365,2303.87782585227
Speaker99,m,u,371.300456370525,982.572313067218,2276.48218570411
Speaker99,m,u,399.292675422283,1095.6924901764,2071.08202027659
Speaker99,m,ũ,364.507369537633,1028.76101553479,2521.11569698008
Speaker99,m,ũ,391.755872153044,1010.81298379655,2545.94437257233
Speaker99,m,u,391.784125912933,774.220779137048,2726.28031748214
Speaker99,m,u,381.36290676973,996.144426860011,2405.45338967513
Speaker99,m,u,380.593118803012,897.488396315406,2580.50719955956
Speaker99,m,ũ,391.729819229986,777.157519127823,2640.34377369647
Speaker99,m,ũ,418.710163201343,804.25386172472,2595.49002998007
Speaker99,m,ũ,413.882478989249,781.293786546737,2581.95267154294
Speaker99,m,u,420.797962641124,613.753483832725,2549.59201206628
Speaker99,m,u,362.299496292301,787.347871525874,2620.34222513796
Speaker99,m,ũ,370.677910387544,1021.27047360712,2129.3946320627
Speaker99,m,ũ,346.896991200388,939.745306411081,2275.08471955205
Speaker99,m,o,412.200646003205,1031.25820273391,2551.59613970851
Speaker99,m,o,429.699533042572,1012.59317404737,2606.51488313709
Speaker99,m,o,401.056523844734,970.440140649714,2635.83048643915
Speaker99,m,õ,670.385709717373,805.945024495605,3042.6282734549
Speaker99,m,õ,624.521574373618,824.98835241546,2839.96413721453
Speaker99,m,õ,627.405461950393,874.686896211986,3316.13684866595
Speaker99,m,o,436.124332416448,858.485348688135,2633.61263566531
Speaker99,m,o,478.212096390157,910.112867247665,2794.45456600009
Speaker99,m,o,437.407347285855,862.470078643403,2743.38807142642
Speaker99,m,õ,441.00300754901,740.859074333118,2529.85231552842
Speaker99,m,õ,412.334427831037,758.675502834438,2630.57029474452
Speaker99,m,õ,433.640752700916,749.538170679747,2560.24690013243
Speaker99,m,o,407.395219869626,817.445389017221,2556.31588352776
Speaker99,m,o,390.306451025682,774.057057097114,2662.86144505876
Speaker99,m,o,392.189919362574,730.772434789303,2620.66143309514
Speaker99,m,õ,412.039560041358,733.696851834963,2683.34802074355
Speaker99,m,õ,486.451644030068,784.926966778844,2476.70752554522
Speaker99,m,õ,453.664018844424,817.012371713583,2721.848738884
Speaker99,m,o,444.414818378094,863.439585975748,2549.25194317349
Speaker99,m,o,464.476578172045,793.675247588663,2584.97856879392
Speaker99,m,o,446.911547121301,784.610773298447,2536.12983516413
Speaker99,m,õ,558.104166360262,865.845757542041,2575.18168075968
Speaker99,m,õ,571.013321721037,862.627293957203,2680.73488898805
Speaker99,m,õ,564.142566277458,809.645845534783,2744.84560120182
Speaker99,m,o,459.432438664056,878.337106448586,2602.26733486336
Speaker99,m,o,456.468579409936,874.15944821037,2659.4603407585
Speaker99,m,o,457.696566557962,916.037537947364,2618.833741703
Speaker99,m,ɔ̃,582.761143251354,853.709649162925,2454.57213314224
Speaker99,m,ɔ̃,580.658182870983,852.524684209975,2390.15871581108
Speaker99,m,ɔ̃,567.763572472096,839.186970690375,2459.84628540084
Speaker99,m,ɔ,523.363733193349,892.388047625061,2358.38134027208
Speaker99,m,ɔ,549.51669784621,882.022984703995,2457.43901904321
Speaker99,m,ɔ,558.579650089984,906.059729248839,2466.74125158622
Speaker99,m,ɔ̃,628.706175083624,921.440846050104,3368.86966151134
Speaker99,m,ɔ̃,585.21967227145,906.87705769713,2567.98601613814
Speaker99,m,ɔ̃,564.330639845915,851.139086673555,2570.24812258751
Speaker99,m,ɔ,522.533754742705,919.071751096416,2547.93010603888
Speaker99,m,ɔ,564.080383763126,911.076775176691,2513.44086177587
Speaker99,m,ɔ,541.394677705963,909.771668607496,2597.63332619725
Speaker99,m,ɔ̃,523.563804953999,873.825203271833,2611.39888225728
Speaker99,m,ɔ̃,533.114171667776,914.167579083253,2693.44159896233
Speaker99,m,ɔ̃,537.690157338389,861.504396216454,2527.04312900644
Speaker99,m,ɔ,549.271398576306,847.784523397474,2296.28334251345
Speaker99,m,ɔ,562.681641562795,889.316882508053,2272.8801471018
Speaker99,m,ɔ,552.476708832733,880.822032580968,2504.82185568598
Speaker99,m,ɔ̃,618.766388209555,975.656427448308,2321.65229419074
Speaker99,m,ɔ̃,621.755135539727,976.59878418904,2328.41079011119
Speaker99,m,ɔ̃,678.751779654007,973.109685888503,2265.38635810595
Speaker99,m,ɔ,506.003014875629,876.055485545775,2260.29103798046
Speaker99,m,ɔ,506.363517634529,901.860244968612,2343.64343926641
Speaker99,m,ɔ̃,615.48548119712,899.90796144244,2287.93123638109
Speaker99,m,ɔ̃,525.862911375914,910.805338321408,2302.96763168493
Speaker99,m,ɔ̃,543.732081742785,964.284854001033,2277.61666821744
Speaker101,f,i,312.747951927576,3125.39872103998,3400.61578135677
Speaker101,f,i,323.182019592767,3105.94737606869,3490.14271829245
Speaker101,f,i,286.090947237629,3099.61716673368,3460.04659191573
Speaker101,f,ĩ,359.049952921647,2840.17092090201,3250.05588529014
Speaker101,f,ĩ,339.532926581224,2485.56241996265,3052.45761180588
Speaker101,f,ĩ,334.661557832443,2101.35241035372,3086.87979131694
Speaker101,f,i,425.442945518643,2732.98112835754,3053.3918728979
Speaker101,f,i,430.195132055535,2699.46669623683,3085.67837385963
Speaker101,f,i,451.738002776002,2683.19980911809,2994.29479812575
Speaker101,f,ĩ,316.107717705426,2937.69954001186,3237.69096356021
Speaker101,f,ĩ,334.440440547961,2882.0794121223,3166.27704836097
Speaker101,f,ĩ,314.632589324708,2943.98356468406,3235.35770063284
Speaker101,f,i,336.073413510237,2605.46570757828,3193.99606861308
Speaker101,f,i,391.900449783442,2844.21007718384,3288.85713458845
Speaker101,f,ĩ,322.858940545881,1222.89099249839,3125.2594054947
Speaker101,f,ĩ,328.950905517824,1308.37792130008,3187.98120156639
Speaker101,f,ĩ,328.417430393914,1121.42163475077,3062.73411330755
Speaker101,f,i,415.321752597813,2955.83711250327,3248.42674834327
Speaker101,f,i,374.378865648444,2956.32378983272,3238.93528320111
Speaker101,f,ĩ,407.54689900945,2811.10462933481,2980.08221535582
Speaker101,f,ĩ,363.214052895177,2839.3416106234,3070.90299105488
Speaker101,f,ĩ,370.130294699514,2141.79721984663,3067.94393191485
Speaker101,f,i,350.639754908715,1949.87604690998,3063.450761863
Speaker101,f,i,350.938393658347,2914.0887045538,3266.38330954012
Speaker101,f,i,318.320528452197,2701.64667278656,3019.04615655578
Speaker101,f,ĩ,356.81063410866,1467.52801812463,3085.51261868486
Speaker101,f,ĩ,345.957012675488,1433.03581798703,3055.31923206322
Speaker101,f,e,509.990368149507,1937.14064848598,2707.71269420556
Speaker101,f,e,613.218903536257,2184.94085987842,2843.52244475463
Speaker101,f,e,499.969204727922,2333.24629760688,2854.42545455346
Speaker101,f,ẽ,724.954936314372,2014.798123294,2333.69563970727
Speaker101,f,ẽ,793.169314625731,1487.73899046506,2390.30404346283
Speaker101,f,ẽ,763.068477172076,887.536199387212,2398.25655232732
Speaker101,f,e,670.410276067112,2292.40920613019,2699.21495024798
Speaker101,f,e,619.323495147959,2457.30357501994,2734.08400536992
Speaker101,f,ẽ,591.567080083966,2167.6761508751,2979.4821937193
Speaker101,f,ẽ,695.929854606079,1521.4924618887,2326.43514765976
Speaker101,f,e,608.314514045728,2407.71305703901,2686.92724002982
Speaker101,f,e,554.377144139731,2643.50565398086,3212.04268279905
Speaker101,f,e,596.008332267435,2526.91934994645,2605.77237691161
Speaker101,f,ẽ,829.815288208664,2334.37730752278,3127.83321960124
Speaker101,f,ẽ,871.895008979895,2420.37806811807,3117.15835784108
Speaker101,f,ẽ,852.712557879543,1483.23743127297,2599.00823589885
Speaker101,f,ɛ,596.748181176222,2122.40411874979,2445.9472670187
Speaker101,f,ɛ,590.304168607406,1484.33851069686,2500.73403570824
Speaker101,f,ɛ,586.155829551093,1445.4823043358,2425.04325434479
Speaker101,f,ɛ̃,717.816141752848,2190.91881472673,2349.78296648416
Speaker101,f,ɛ̃,699.315145262636,2330.7274815347,3280.48037292262
Speaker101,f,ɛ̃,671.002881721166,1919.84694808377,2254.73360175332
Speaker101,f,ɛ,609.289830347744,2398.18390724802,3040.30327830248
Speaker101,f,ɛ,660.056966006826,2365.57624471507,3038.9443640501
Speaker101,f,ɛ,648.088299460399,2357.26786679716,3125.60799343011
Speaker101,f,ɛ̃,892.294354453511,2385.39939871554,3204.73243389176
Speaker101,f,ɛ̃,761.998395230977,2367.68508423751,3155.61910838087
Speaker101,f,ɛ̃,742.639717033339,2426.38332221979,3208.96038387204
Speaker101,f,ɛ,733.85441766719,2045.93346812912,2416.98627449424
Speaker101,f,ɛ,686.534047161895,2474.50064220083,3240.5331422445
Speaker101,f,ɛ̃,567.294004835021,885.861480354536,2365.67973868067
Speaker101,f,ɛ̃,764.168478150323,2539.33965681033,3188.35647518275
Speaker101,f,ɛ̃,818.231376362881,2528.61859022424,3084.6596143128
Speaker101,f,ɛ,742.709507833649,1461.11901927637,2375.96047336783
Speaker101,f,ɛ,691.837822507328,2059.94501323886,2125.84336394645
Speaker101,f,ɛ̃,634.840820269633,1707.85737285485,2494.3378919163
Speaker101,f,ɛ̃,739.457004222211,1941.00666523772,2526.26950079446
Speaker101,f,ɛ̃,736.687478184,1936.44025726167,2511.36766375353
Speaker101,f,ɛ,727.189412490425,2350.90178437801,3089.91139986357
Speaker101,f,ɛ,680.879830455734,2415.8844802329,3134.3818740643
Speaker101,f,ɛ,640.840128126704,2413.35690757024,3118.65853200042
Speaker101,f,ɛ̃,715.780089805514,1042.27268702011,2368.4001535427
Speaker101,f,ɛ̃,821.59751389039,1788.03596669424,2563.41507539363
Speaker101,f,ɛ̃,913.824811772359,1205.90129154785,2566.20024493145
Speaker101,f,ɛ,815.724296309849,2082.12152072376,2994.46444607337
Speaker101,f,ɛ,768.226630372208,2116.09039622632,2173.78680485173
Speaker101,f,ɛ,767.608381917479,1924.34233801876,2202.89793312678
Speaker101,f,ɛ̃,949.92780409897,1510.31730004019,2305.89372675341
Speaker101,f,ɛ̃,882.199158961195,2436.78755755225,3243.91253984218
Speaker101,f,ɛ̃,803.587673996955,2376.86209271244,2470.96792797558
Speaker101,f,ɨ,664.344790074396,1572.58007710271,3123.25348634637
Speaker101,f,ɨ,591.715414408562,1068.28347673792,3103.86340898147
Speaker101,f,ɨ,595.039538684154,1166.98173028672,3209.14659168968
Speaker101,f,ə̃,770.801829560479,1344.19012115667,2007.0721120164
Speaker101,f,ə̃,910.284806060137,1178.54653413107,1706.53777317897
Speaker101,f,ə̃,982.362632140874,1522.48850183787,3434.48392790527
Speaker101,f,ɨ,775.957433651401,1490.49464530602,2050.49610299388
Speaker101,f,ɨ,796.634683642257,1407.68991022377,2533.60741655078
Speaker101,f,ɨ,761.725904750682,1401.9713014283,2521.78414300782
Speaker101,f,ə̃,920.491900980591,1212.1893592132,3444.11181832541
Speaker101,f,ə̃,735.907133367201,1295.14917557675,3317.15227726433
Speaker101,f,ə̃,745.231349822997,1220.85882861748,2967.35703111211
Speaker101,f,ə,711.403216049222,1219.55929892566,3233.85832503293
Speaker101,f,ə,708.116320139116,1195.242970432,3202.15135069202
Speaker101,f,ə,667.437767630961,1129.98490455513,3091.52232002782
Speaker101,f,ɨ̃,719.106061051233,1212.33623592134,3133.25798975245
Speaker101,f,ɨ̃,734.767710185217,1095.92758474455,3263.14467642222
Speaker101,f,ɨ̃,570.221900058156,1053.29115793452,2865.0348960745
Speaker101,f,ə,797.50074907455,1270.62089294497,3525.40096100334
Speaker101,f,ə,770.030379826635,1176.06109001328,3099.71754639246
Speaker101,f,ə,917.929850008467,1290.67304131554,3425.51755601351
Speaker101,f,ə̃,819.800438033346,1583.63430182985,3064.24962930553
Speaker101,f,ə̃,562.903281075522,1417.8688322481,3141.60758495199
Speaker101,f,ə̃,752.861528205772,1488.57538706921,3182.1832761014
Speaker101,f,ə,634.135504501644,1090.6842780188,3401.204352786
Speaker101,f,ə,557.924009515369,1104.64574318694,3314.57049309593
Speaker101,f,ə,626.800376146991,1177.12751188115,3268.95192066859
Speaker101,f,ɨ̃,733.128759121303,1185.75403396776,2689.6815820372
Speaker101,f,ɨ̃,662.725359942251,1242.96049488469,2529.42166219327
Speaker101,f,ɨ̃,631.243793875153,1076.74809028915,3412.15729210773
Speaker101,f,ə,813.184290879698,1349.85370745347,3429.58405103088
Speaker101,f,ə,781.808124147555,1329.50600288864,3394.59880429472
Speaker101,f,ə,826.112299529238,1397.00112544801,3518.91226027551
Speaker101,f,ə̃,683.61899125987,1400.69092282684,3406.24342078314
Speaker101,f,ə̃,801.501639988008,1315.03925648974,3270.82768152363
Speaker101,f,ə̃,758.119245130106,1335.70827159744,3476.40119187414
Speaker101,f,a,1029.15742327468,1575.42048059424,2136.01662796709
Speaker101,f,a,993.775841069564,1515.82703158524,2253.17522644418
Speaker101,f,a,939.559761805419,1563.26385424496,2838.60180683449
Speaker101,f,ã,973.731488484764,1552.94971163009,2579.89407226049
Speaker101,f,ã,974.35065419628,1571.2534260927,2492.46270634603
Speaker101,f,ã,1016.04683293754,1593.25461300685,3081.54207394017
Speaker101,f,a,1028.37147872194,1499.27975899267,2258.23119300817
Speaker101,f,a,976.085988647877,1555.03848904225,3214.82686595773
Speaker101,f,a,980.663544529485,1590.76495240664,2370.82000883045
Speaker101,f,ã,1000.71928586856,1644.47988761783,1694.73267314001
Speaker101,f,ã,984.228229392382,1621.35276606142,2924.90892930997
Speaker101,f,ã,1004.63461838741,1490.40284722259,2158.49167239736
Speaker101,f,a,925.73141999507,1825.46770304537,3152.58815742496
Speaker101,f,a,1005.25534389763,1799.30683808403,3242.73195935978
Speaker101,f,a,903.819970631014,1610.85063784529,2037.6195433571
Speaker101,f,ã,1028.67925805064,1623.85546021217,3404.1236833487
Speaker101,f,ã,1045.1916229714,1439.0766600663,2554.45811798682
Speaker101,f,ã,1007.42833142458,1574.09366529482,3603.19924130317
Speaker101,f,a,998.539428701447,1369.90091816735,1861.22273796482
Speaker101,f,a,949.390749877224,1356.84653489775,2990.91257209217
Speaker101,f,a,1015.59119034619,1407.30382447358,1702.76469396759
Speaker101,f,ã,968.548609876775,1361.05696307061,2145.46833940167
Speaker101,f,ã,1069.57325960357,1422.91100965833,3603.03380237548
Speaker101,f,ã,1072.89384710237,1373.8403223122,3698.0036194469
Speaker101,f,a,951.328761698588,1917.58133268966,2314.20830484054
Speaker101,f,a,925.636213974426,1664.71154872622,2112.92366332111
Speaker101,f,a,986.916976551722,1569.71525589207,2441.25921865875
Speaker101,f,ã,1084.32419294283,1690.23226076525,1885.58740137289
Speaker101,f,ã,1095.95793652759,1466.84118601834,2048.75705162361
Speaker101,f,ã,1119.45527392178,1710.27864980498,3324.38097305907
Speaker101,f,u,436.572576347679,1019.04091516363,3285.4633197149
Speaker101,f,u,430.499173661263,990.507753342628,3585.31381408957
Speaker101,f,u,474.562494469555,1237.75628688854,2965.19609464577
Speaker101,f,ũ,399.006907248874,897.520366615177,2972.28241133356
Speaker101,f,ũ,390.189681336332,728.713214496052,3205.92010343987
Speaker101,f,ũ,474.117723162544,814.092586594886,3000.43147929687
Speaker101,f,u,456.352896756792,1097.89053105238,3207.42751749159
Speaker101,f,u,406.180913826431,1079.63032516051,3376.00592636974
Speaker101,f,u,391.744401714593,1009.12796067915,3432.31536422812
Speaker101,f,ũ,404.17886939038,1003.58954367503,2836.23452775448
Speaker101,f,ũ,477.059865123106,1046.28017994528,3143.64762777076
Speaker101,f,ũ,363.750740783823,911.723716173077,2989.7387183755
Speaker101,f,u,368.048607910258,851.218030419618,2804.86465439342
Speaker101,f,u,345.970862419061,804.919097292378,3014.54363379455
Speaker101,f,u,360.150032166086,850.742528385606,3253.96122671682
Speaker101,f,ũ,365.974905396009,886.472119891162,3047.46174311382
Speaker101,f,ũ,340.565426936936,816.246196871263,2804.84545434119
Speaker101,f,ũ,339.434372490151,879.819389480218,2899.49878945695
Speaker101,f,o,593.80452127757,1189.11602841358,3359.10907159192
Speaker101,f,o,605.480964601278,1140.95271503277,3423.1334397097
Speaker101,f,o,634.879901611037,1047.84287628967,3481.71774237512
Speaker101,f,õ,952.985920047248,1078.26255934412,3513.94090851272
Speaker101,f,õ,856.117240983608,1266.13414547336,3560.23196299854
Speaker101,f,õ,942.415296490242,1295.5344710163,3693.89012305718
Speaker101,f,o,737.874691207369,1180.50916912235,3394.67012078164
Speaker101,f,o,702.117395410227,1169.08595619604,3449.85511141035
Speaker101,f,o,698.802857712845,1338.3763768787,3429.33970041569
Speaker101,f,õ,719.363581672537,975.106368675663,2545.77434469675
Speaker101,f,õ,680.390264147329,1330.7302706588,3121.77607340861
Speaker101,f,õ,452.452064767907,886.875347339369,2950.4472684815
Speaker101,f,o,581.196499970396,971.210177514137,3373.16134999504
Speaker101,f,o,574.361457920708,917.275072440284,3360.95570509964
Speaker101,f,o,552.521792361303,897.484157744178,3617.73846236061
Speaker101,f,õ,800.022041446083,1294.85698133377,1945.9669015157
Speaker101,f,õ,731.253666500747,1307.69424559243,2972.50493357549
Speaker101,f,õ,654.439336237225,1308.89727672719,3086.95830147697
Speaker101,f,o,648.272317630199,1016.62876244139,3290.75795790934
Speaker101,f,o,528.855396091877,1030.82881324442,2506.64298374978
Speaker101,f,o,603.510496830399,995.108355416184,3304.75385644608
Speaker101,f,ɔ̃,852.497177389525,1458.61652360985,4128.59461783369
Speaker101,f,ɔ̃,908.174257690401,1307.75994703162,3263.19893763724
Speaker101,f,ɔ̃,887.537434342604,1218.48057094857,3028.2356283708
Speaker101,f,o,678.323145671894,1106.24314620224,3436.13525199106
Speaker101,f,o,676.700273783157,1207.78410548948,3237.59213663371
Speaker101,f,o,557.241727574927,1113.77336050729,3228.9011077929
Speaker101,f,ɔ̃,819.148754097276,1299.22895411783,3359.13915503165
Speaker101,f,ɔ̃,856.017974118999,1272.37829472448,3482.91706629352
Speaker101,f,ɔ̃,820.399136385048,1386.35506488932,3381.33826532139
Speaker101,f,ɔ,723.595880531765,1103.0285749741,3445.09313422477
Speaker101,f,ɔ,694.392380340396,1192.57930260477,3566.81940040357
Speaker101,f,ɔ,720.738403430074,1251.43927093933,3455.08186532443
Speaker101,f,ɔ̃,827.560524053241,1255.63754011909,3549.99005797306
Speaker101,f,ɔ̃,808.733873818118,1183.26620495346,3571.12368889158
Speaker101,f,ɔ̃,751.293726260023,1118.43658335235,3475.86849749157
Speaker101,f,ɔ,604.241718073802,1207.80441943818,3389.39860586325
Speaker101,f,ɔ,527.037956499798,1061.05228834176,3283.84027231769
Speaker101,f,ɔ,619.226453113033,1090.2880994686,3274.80340442003
Speaker101,f,ɔ̃,744.150278767037,1337.28054794165,3255.56303125092
Speaker101,f,ɔ̃,565.774240870797,1215.66691056875,3238.34293628692
Speaker101,f,ɔ̃,775.16286904615,1313.97178700856,3154.99059013973
Speaker101,f,ɔ,755.652459903734,1306.66645445399,3312.26682518948
Speaker101,f,ɔ,692.321147658028,1165.32656193577,2190.93186397503
Speaker101,f,ɔ,753.340832567642,1141.3812643796,3081.05342302872
Speaker101,f,ɔ̃,1003.8871138615,1130.07413009659,3126.91508713604
Speaker101,f,ɔ̃,823.827110043502,1230.48875530666,3169.35448832058
Speaker101,f,ɔ̃,871.160290611105,1214.95027832198,3117.7058221784
Speaker101,f,ɔ,715.712228067046,1198.27625134542,3233.2517320202
Speaker101,f,ɔ,635.112589808473,1074.08613670005,3298.37288430437
Speaker101,f,ɔ,679.955884056246,1147.17382841464,3208.48030136126
Speaker101,f,ɔ̃,929.122051295854,1322.25894823882,3172.1737736855
Speaker101,f,ɔ̃,922.658500581524,1225.14771427052,3166.88675605331
Speaker101,f,ɔ̃,845.202820871834,1221.34823286931,3111.4196568591
Speaker107,f,i,354.654400329661,2572.54573068668,3065.85944855186
Speaker107,f,i,340.8324230156,2546.78347876596,3073.50569021174
Speaker107,f,i,318.419696239092,2637.00871957671,3089.63059456902
Speaker107,f,ĩ,372.996865245648,2722.98184453975,3065.64338462312
Speaker107,f,ĩ,452.431832311691,2764.77451002214,3303.01744324025
Speaker107,f,ĩ,302.778012247038,2643.90833512769,3062.08378591542
Speaker107,f,i,357.652434190345,2488.85903272489,3004.71687888646
Speaker107,f,i,416.027725895891,2544.12162335429,3047.95260214945
Speaker107,f,i,411.179723783426,2506.35716918428,2897.83221172818
Speaker107,f,ĩ,317.88376883034,1374.93026888454,2735.59452808527
Speaker107,f,ĩ,305.7750485096,1201.83691122811,2812.57011202494
Speaker107,f,ĩ,291.02215665327,1227.694526322,2820.33779090637
Speaker107,f,i,307.628076345954,2609.40793351699,3132.79058464488
Speaker107,f,i,330.834896060652,2593.02607997936,3104.27298721329
Speaker107,f,i,313.113595275783,2585.44804961977,3177.74576086661
Speaker107,f,ĩ,598.884684137818,2870.68658455895,3941.77503215611
Speaker107,f,ĩ,565.671997213315,2714.71564439505,3240.33645158503
Speaker107,f,ĩ,612.079101731718,2787.93185671639,3010.01516133879
Speaker107,f,i,351.334930964641,2534.59018817078,2959.61487919181
Speaker107,f,i,361.242593355782,2612.52542758725,3060.2559118242
Speaker107,f,i,374.62596544065,2731.90998431334,2937.11068506806
Speaker107,f,ĩ,448.111415263962,2809.68055035365,3256.67468201268
Speaker107,f,ĩ,476.485525105668,2854.29502445753,3329.94985259622
Speaker107,f,ĩ,490.017313277201,2734.30524159849,3118.46409087794
Speaker107,f,i,387.970412001271,2601.38706164515,3108.17149002449
Speaker107,f,i,337.968032635469,2509.15782300713,3048.05967467816
Speaker107,f,i,348.928773057667,2468.624457836,3065.73897865925
Speaker107,f,ĩ,369.797609810274,2277.99022358499,2769.22403662033
Speaker107,f,ĩ,560.64889907304,2722.14875991184,3275.67682310742
Speaker107,f,ĩ,577.024959423078,2823.17387060139,3228.09627473108
Speaker107,f,e,568.694648923633,2608.85618604601,2995.55153707933
Speaker107,f,e,606.848423883218,2493.95627744854,3136.06819502421
Speaker107,f,e,572.481033967745,1409.80332699284,2743.17358244729
Speaker107,f,e,646.922303149447,2151.89208084375,3013.71312275075
Speaker107,f,e,606.217985187003,2283.41961820478,2863.41866062169
Speaker107,f,e,513.265098710846,2347.04455730187,3136.3009218181
Speaker107,f,ẽ,546.173294390626,2116.9112413932,2862.21127408417
Speaker107,f,ẽ,653.208824235883,2194.47672532789,2899.85688969544
Speaker107,f,e,578.653421384404,2393.04269031609,3046.78472827218
Speaker107,f,e,514.874455135346,2413.51661881016,3060.25428858255
Speaker107,f,e,483.989231873612,2390.18190311466,3022.47997467811
Speaker107,f,ẽ,773.375058009619,2254.39948936387,2985.5843827891
Speaker107,f,ẽ,739.399532417803,2270.27013204527,3096.75117478242
Speaker107,f,ẽ,685.132642032473,2313.28579790055,3093.48449448805
Speaker107,f,ɛ,492.400835458333,2298.18990019768,2880.8738662022
Speaker107,f,ɛ,489.63389036006,2270.12213643925,2965.79031665522
Speaker107,f,ɛ,512.453851021862,2332.57454059818,2836.88275047701
Speaker107,f,ɛ̃,647.307555654546,2351.87663564259,2937.552053231
Speaker107,f,ɛ̃,625.011015342065,2358.03688386321,3030.38458845731
Speaker107,f,ɛ̃,667.967113431903,2442.26710967419,3109.40232438814
Speaker107,f,ɛ,532.333089522212,2371.07813356815,2904.72149121805
Speaker107,f,ɛ,534.78484630259,2403.6185426969,2945.82451864148
Speaker107,f,ɛ,499.98984587324,2292.71709269294,2878.6985730732
Speaker107,f,ɛ̃,660.537373388436,2533.14872740848,3147.85586466727
Speaker107,f,ɛ̃,665.398784321499,2536.83821494806,3035.26299925679
Speaker107,f,ɛ̃,702.645281514874,2464.32691309045,2975.82874897608
Speaker107,f,ɛ,684.529692925077,2312.12255007156,3119.82508013028
Speaker107,f,ɛ,642.517144979176,2297.30319944787,3077.37323805124
Speaker107,f,ɛ,714.023255946997,2289.48551264291,3101.87740904347
Speaker107,f,ɛ,673.954434183756,1877.95055876322,2369.52169519867
Speaker107,f,ɛ,672.885308247868,1369.96324268569,2098.65381139268
Speaker107,f,ɛ,687.651856541341,1607.35665256752,1880.01601773768
Speaker107,f,ɛ̃,704.443466716097,1792.31570562021,2162.75143795944
Speaker107,f,ɛ̃,608.244969308357,1580.32407977567,2234.80780550655
Speaker107,f,ɛ̃,715.581680753904,1890.30183406712,2077.10744952483
Speaker107,f,ɛ,576.040353627507,2405.36779991524,3041.59699842267
Speaker107,f,ɛ,544.655433785152,2415.77743220251,3024.40172206071
Speaker107,f,ɛ,543.92734315624,2470.89035803444,3070.99904351491
Speaker107,f,ɛ̃,724.715520025948,2350.36156915634,3170.71550594477
Speaker107,f,ɛ̃,708.914143662832,2294.72263555653,2945.14368706863
Speaker107,f,ɛ̃,727.225627164373,2244.59430937573,2996.38756165792
Speaker107,f,ɛ,720.752720504731,1966.58171762783,2702.5072726715
Speaker107,f,ɛ,704.751789470194,2209.26845836091,3077.95504930436
Speaker107,f,ɛ,710.581869482102,2219.16993367164,3007.79034085054
Speaker107,f,ɛ̃,709.208555847977,2298.38139373213,3005.77342123073
Speaker107,f,ɛ̃,729.233216806198,2262.0393736772,2993.8772747868
Speaker107,f,ɛ̃,710.175323308703,2245.02478158286,2981.36484119604
Speaker107,f,ɨ,619.435577531672,1423.50384138263,2764.98413695222
Speaker107,f,ɨ,585.262917163085,1381.17118923193,2723.38613950957
Speaker107,f,ə̃,708.009837021126,1311.32837831507,3172.92538455284
Speaker107,f,ə̃,695.32061974604,1301.5354465284,3301.154551004
Speaker107,f,ə̃,689.281842734117,1309.45250086567,3034.13148127971
Speaker107,f,ɨ,685.784412152858,1546.17046305968,2862.04243093088
Speaker107,f,ɨ,756.514061960796,1723.8094812668,2725.17711416311
Speaker107,f,ɨ,768.61807607957,1735.90395030404,2937.74971207573
Speaker107,f,ə,643.073318158485,1209.2791556096,2840.76526196238
Speaker107,f,ə,682.254915076548,1250.37966828748,2880.67026303985
Speaker107,f,ə,591.184821109348,1057.18243126905,2691.99322054828
Speaker107,f,ə,763.096993825381,1344.4969769932,2847.81687509234
Speaker107,f,ə,723.195687364643,1299.59465851854,2998.9206369687
Speaker107,f,ə,767.564528059124,1295.2908249105,3056.14173632072
Speaker107,f,ə̃,625.723962068937,1286.2870297478,2347.37239385911
Speaker107,f,ə̃,658.5471167943,1232.24643483498,2650.6163098681
Speaker107,f,ə̃,728.351117552949,1504.97360471358,1807.15642925872
Speaker107,f,ə,686.615128950682,1254.47559526945,2951.42278934905
Speaker107,f,ə,681.987280656723,1253.3427319611,2951.51346732406
Speaker107,f,ə,714.257779040586,1287.10400892996,2945.8848441703
Speaker107,f,ɨ̃,687.58174879063,1255.42194621689,1716.38823994271
Speaker107,f,ɨ̃,673.997359802677,1255.32125764988,2286.01140975758
Speaker107,f,ɨ̃,711.117730740897,1253.49041725838,3031.58667287483
Speaker107,f,ə,687.375722506674,1500.82142981614,2917.9096374328
Speaker107,f,ə,696.638873849022,1419.86033169268,2927.60168226016
Speaker107,f,ə,683.288721036657,1423.23484194411,2972.53432202692
Speaker107,f,ə̃,775.80834440163,1485.74046100359,2913.5014598731
Speaker107,f,ə̃,739.042513192817,1496.99914280925,2932.87962401117
Speaker107,f,ə̃,687.007433081411,1533.62993851656,1965.2918990754
Speaker107,f,a,1024.3865803747,1511.00595019767,2434.9439461982
Speaker107,f,a,993.269670531305,1625.35054718335,2818.65562778275
Speaker107,f,a,920.483842454235,1558.99765703109,2658.52987385098
Speaker107,f,ã,1032.0180793806,1490.52029802375,2258.82522088864
Speaker107,f,ã,990.232407452483,1687.2498586614,2263.18336696283
Speaker107,f,ã,1152.31337743176,1460.32608072721,1532.01081963904
Speaker107,f,a,996.907055892371,1589.67433866849,3032.07057505339
Speaker107,f,a,979.16750051868,1559.31471962957,3011.35682743091
Speaker107,f,a,966.984017792617,1526.80462182785,3007.04876755426
Speaker107,f,ã,1024.76130242039,1493.92016410586,3439.99615092167
Speaker107,f,ã,1048.96120388024,1508.13380654699,3186.96123887347
Speaker107,f,ã,1095.69491551435,1475.06880708526,2410.32226509955
Speaker107,f,a,920.021811791499,1822.72180158988,2743.17561151007
Speaker107,f,a,935.112026899834,1739.60424406462,2745.26039465111
Speaker107,f,a,931.174484581878,1781.03037958871,2693.14132423963
Speaker107,f,ã,1050.35507255639,1557.45645386989,2938.43436551949
Speaker107,f,ã,1065.5299683073,1562.76200408643,2915.26588164675
Speaker107,f,ã,1127.00630668719,1590.1562566656,2820.21608526404
Speaker107,f,a,1060.3650008429,1481.81400827495,3121.89670487702
Speaker107,f,a,1070.70032861642,1425.30957094694,3133.86374739992
Speaker107,f,a,1133.55365638091,1443.05691851605,3302.83337242926
Speaker107,f,ã,881.783190156392,1349.2877897653,3455.8560429864
Speaker107,f,ã,1072.29228879,1386.69195897573,3247.47861429426
Speaker107,f,ã,980.202619365507,1351.84877352665,3001.50624320461
Speaker107,f,a,1004.67529483205,1628.45981403482,2763.25516066488
Speaker107,f,a,991.938843222078,1562.48447735418,2686.78170715647
Speaker107,f,a,1025.25289952681,1617.61799178716,2771.2177815242
Speaker107,f,ã,1068.02461913651,1608.71167712309,2912.57120356242
Speaker107,f,ã,792.495098271396,1581.04924344614,2767.30789818313
Speaker107,f,ã,917.810617900805,1626.13017808634,3283.36593728711
Speaker107,f,u,330.505555759346,945.485199714881,2616.27125253546
Speaker107,f,u,356.546224214571,850.972088770968,2503.02655642865
Speaker107,f,u,372.435863714397,856.63923182686,2593.26173705547
Speaker107,f,ũ,396.383554550367,864.998004282086,2233.03105206241
Speaker107,f,ũ,404.387083170375,1017.85554640881,2195.0332177859
Speaker107,f,ũ,419.229958059431,1024.79351594871,2328.37447512756
Speaker107,f,u,462.505320231341,954.582107459585,2746.41450374436
Speaker107,f,u,627.116511494675,1207.23002625312,2689.81042625801
Speaker107,f,u,631.939399457574,1056.13817944073,2697.28141384657
Speaker107,f,ũ,622.091045312491,1207.54291588485,2757.25446765536
Speaker107,f,ũ,627.217774010001,1116.22677333426,2653.05914436843
Speaker107,f,ũ,598.58090593804,999.059912645375,2682.15281634573
Speaker107,f,u,412.090140012303,821.893590596421,2683.20030938826
Speaker107,f,u,425.490676906987,886.865297272753,2790.29930854818
Speaker107,f,u,395.19668454229,750.900973104683,2360.73237933097
Speaker107,f,ũ,326.220393194569,1062.75024681021,2419.22608288153
Speaker107,f,ũ,354.611537296808,1100.76441584055,1948.16403048679
Speaker107,f,ũ,374.196363996795,1163.92863193542,2233.19617094785
Speaker107,f,o,608.276761697771,1111.72869719616,2494.24585422999
Speaker107,f,o,583.944224560958,1137.29381628813,2753.83518530478
Speaker107,f,o,591.69827262579,1046.27787845701,2772.22514409731
Speaker107,f,o,612.483519290516,847.635521656373,2732.5588626382
Speaker107,f,o,614.564363178289,877.838118319236,2825.58132567976
Speaker107,f,o,588.224513070823,855.308344213149,2849.47866133032
Speaker107,f,õ,486.900111374281,887.254277063547,2468.87300183309
Speaker107,f,o,496.075123970205,919.673888110608,2907.05860220151
Speaker107,f,o,495.514059308742,902.617756410858,2878.08171951563
Speaker107,f,o,515.122618307234,803.915097706449,2629.10443544612
Speaker107,f,õ,545.483311879561,851.298409727058,2288.06776076012
Speaker107,f,õ,565.175060388668,880.738858455166,2518.57158337916
Speaker107,f,õ,508.391266006721,841.58830783702,2248.92605605842
Speaker107,f,o,543.312715102793,856.760350016487,2914.90173368565
Speaker107,f,o,526.638115028007,807.978022099352,2852.2652949208
Speaker107,f,o,545.578873336359,842.988856452172,2954.80219570121
Speaker107,f,ɔ̃,784.857136583074,1131.36840059466,1811.22827943338
Speaker107,f,ɔ̃,794.850045969417,1024.15978943547,2177.16287719173
Speaker107,f,ɔ̃,838.131361498594,1139.49190445602,3359.99200269576
Speaker107,f,ɔ,641.247251739859,1040.12086735907,2971.74737168122
Speaker107,f,ɔ,610.671736664172,953.658114267458,2772.07842944363
Speaker107,f,o,617.792633688802,1051.03038794468,3037.92255514876
Speaker107,f,ɔ̃,793.413038149581,1231.47194213874,3335.4880274996
Speaker107,f,ɔ̃,759.123045136662,1221.18460462529,3098.39057839342
Speaker107,f,ɔ̃,799.11295180807,1281.04649716372,1782.58919970562
Speaker107,f,ɔ,701.432362175559,1059.01854288646,3082.12573138261
Speaker107,f,ɔ,659.460076916427,1011.42015361692,3099.28343882678
Speaker107,f,ɔ,650.863999615209,1004.80030621529,3197.66936095029
Speaker107,f,ɔ̃,624.871413171192,1005.24897416789,3423.82783079324
Speaker107,f,ɔ̃,728.054732394567,1092.46058703893,2810.02755206244
Speaker107,f,ɔ̃,695.67903419984,1148.15361575921,3071.58686191447
Speaker107,f,ɔ,659.919659197922,1066.98712180502,2960.70742194225
Speaker107,f,ɔ,684.370576247619,1038.1732564737,2826.61585001385
Speaker107,f,ɔ,670.585271201326,998.507813501659,2945.54093040366
Speaker107,f,ɔ̃,575.700912703093,991.113233331796,2601.77892833197
Speaker107,f,ɔ̃,534.33887573366,968.184431389816,2362.64058677193
Speaker107,f,ɔ̃,474.280767074291,898.269308875374,2205.63293948362
Speaker107,f,ɔ,721.99757153531,1068.10272018304,2662.59961416933
Speaker107,f,ɔ,736.163520140812,1115.19999572597,2578.4217639612
Speaker107,f,ɔ,742.360206632104,1107.46493738388,2549.75329240146
Speaker107,f,ɔ̃,718.905198701362,915.039184347262,2510.04650128133
Speaker107,f,ɔ̃,701.406271233829,970.962551948814,2512.25112959406
Speaker107,f,ɔ̃,732.654621845994,1067.35921048985,2556.43843811228
Speaker107,f,ɔ,586.650413020091,1037.82295660601,2714.91833874803
Speaker107,f,ɔ,625.912264392048,1113.50476901359,2552.47493912613
Speaker107,f,ɔ,663.034330345885,1099.79002540847,2629.5771129769
Speaker107,f,ɔ̃,366.784816245684,1028.6089865609,2527.55138942469
Speaker107,f,ɔ̃,347.673018689446,982.453331384342,2507.54756431048
Speaker107,f,ɔ̃,347.84199291929,959.286306715317,2368.77906087871
Speaker109,f,i,300.550229026552,2467.82773792606,2932.20538263663
Speaker109,f,i,324.143534871242,2811.55282351293,3111.05121892399
Speaker109,f,i,335.001305653759,2558.28205359135,2878.2194738991
Speaker109,f,ĩ,313.810430052051,1929.80308442906,2840.5488461526
Speaker109,f,ĩ,293.071692568685,1899.6831453046,2809.40039231007
Speaker109,f,ĩ,329.503649432298,1791.84852135852,2805.21316444073
Speaker109,f,i,347.873429883341,2732.98923523386,3139.64793466098
Speaker109,f,i,341.111947332808,2528.02015119456,3091.51034050016
Speaker109,f,i,381.355936886926,2423.68267695186,2657.66772612604
Speaker109,f,ĩ,337.977170126631,1441.17218735012,2955.95242580954
Speaker109,f,ĩ,368.379019672825,2313.42838814901,2862.67689720664
Speaker109,f,ĩ,505.253417916399,2442.8063232809,2722.46366246314
Speaker109,f,i,331.397016969072,1524.66123106849,3044.59368974471
Speaker109,f,i,333.597660608826,2073.3562841395,2839.63145749821
Speaker109,f,i,329.44034932341,1926.85091207749,2787.44684597737
Speaker109,f,ĩ,371.82789618806,1864.86617279258,2774.4307155506
Speaker109,f,ĩ,420.018371406734,1724.0942552388,2741.7108167061
Speaker109,f,ĩ,331.948503569261,1787.39881989502,2976.79216046679
Speaker109,f,i,327.917960477015,1916.81069123417,2793.97763306391
Speaker109,f,i,389.249860475318,2137.85811557289,2728.55826072737
Speaker109,f,i,424.145511792866,2590.88070672232,2954.53235841364
Speaker109,f,ĩ,385.38126026704,2391.51767262097,2921.79067289588
Speaker109,f,ĩ,411.331545018424,2716.29283190205,3164.84379213636
Speaker109,f,ĩ,404.084266995363,2749.63083815449,2818.37995207308
Speaker109,f,i,289.090374421497,1623.80386178086,2881.2492654984
Speaker109,f,i,295.983715208837,1562.81675697159,2917.42051167604
Speaker109,f,ĩ,344.121457095693,2031.31759427963,2806.24288023529
Speaker109,f,ĩ,476.213846861551,1505.51726087303,3061.33029848426
Speaker109,f,ĩ,443.241738011329,1273.44250458409,3225.87269871293
Speaker109,f,ĩ,411.156628427407,2286.73763059594,3096.25720424086
Speaker109,f,e,376.503468248333,2557.73702504502,2751.46688922118
Speaker109,f,e,389.595873888754,2500.5639991889,2770.43437835601
Speaker109,f,e,426.416964205065,2366.73961072329,2670.54045047933
Speaker109,f,ẽ,497.335704794732,1380.33172300397,2542.38942298541
Speaker109,f,ẽ,444.341697116407,1288.14010594468,2705.68131144658
Speaker109,f,e,411.360986261121,1895.65903743266,2250.52030352768
Speaker109,f,e,503.642048370779,1953.24274571304,2549.75075534346
Speaker109,f,e,423.470996294046,1872.99212656002,2283.35693402932
Speaker109,f,ẽ,576.970164395178,1923.68491638103,2989.74227598055
Speaker109,f,ẽ,710.638941751569,2051.64974210452,2420.08623530509
Speaker109,f,e,519.873590873549,1659.92823686251,2115.64885731529
Speaker109,f,e,505.819927241543,2468.45073000675,3043.73761200825
Speaker109,f,e,569.598589691454,2250.5567627548,3058.51645689868
Speaker109,f,e,581.976125710836,1680.66714602341,2030.45101145813
Speaker109,f,ẽ,586.314665062836,2119.9205895103,2815.69307434753
Speaker109,f,ẽ,772.789215686407,1991.29999310694,2757.23151395026
Speaker109,f,ẽ,654.064784478797,1842.36670761192,2516.12405906495
Speaker109,f,ɛ,612.967239996929,2138.56828893144,2215.6515479865
Speaker109,f,ɛ,607.034506127358,1901.47205423413,2122.98371560822
Speaker109,f,ɛ,542.958760644572,1841.51926893929,2243.26691846551
Speaker109,f,ɛ̃,375.857613068414,2527.0413453387,3170.07857904871
Speaker109,f,ɛ̃,572.284791086123,2312.34495090873,3117.31002997483
Speaker109,f,ɛ̃,532.060711573874,2663.85202728739,3207.96027578595
Speaker109,f,ɛ,691.385699063933,2073.35104938796,2146.58622806224
Speaker109,f,ɛ,695.135164042409,1999.10599114278,2431.99589185171
Speaker109,f,ɛ,726.505611866146,1430.02079813665,2118.97336050013
Speaker109,f,ɛ̃,751.577881998632,2061.22824141037,2951.91059644954
Speaker109,f,ɛ̃,792.247738932262,1809.9296193379,2224.1489388758
Speaker109,f,ɛ̃,832.466260908289,1955.98488350858,2233.77205610664
Speaker109,f,ɛ,607.001530935039,2011.10664254994,2756.90209896107
Speaker109,f,ɛ,648.633016211098,2072.46069029913,2323.24383092558
Speaker109,f,ɛ,609.252559663307,2058.59278234969,2632.57928316951
Speaker109,f,ɛ̃,673.76831947803,2020.19700025256,2791.48173176195
Speaker109,f,ɛ̃,761.517344896422,1895.75771925875,2186.82568738673
Speaker109,f,ɛ̃,751.099784353035,1937.62704146302,2164.33548267193
Speaker109,f,ɛ,445.938109979771,2050.07270518122,2767.28641166532
Speaker109,f,ɛ,611.327406520435,1458.68375362294,2066.36651831494
Speaker109,f,ɛ,513.445446471811,1993.85941323906,3096.19472843024
Speaker109,f,ɛ̃,567.349060880619,2083.16444119371,3094.29759196187
Speaker109,f,ɛ̃,520.838903478091,1996.79636813092,3311.2704749879
Speaker109,f,ɛ̃,414.337107144628,2199.91509406777,3145.42738443332
Speaker109,f,ɛ,579.249022771629,1580.27043231961,2260.68623398448
Speaker109,f,ɛ,475.262945890992,1581.05273008274,2303.64238986005
Speaker109,f,ɛ,600.137569575438,1736.5082721328,2156.03827577125
Speaker109,f,ɛ̃,703.936870472497,2131.47105137979,2318.21174959588
Speaker109,f,ɛ̃,875.29660564823,2054.17362525424,2563.30493625502
Speaker109,f,ɛ̃,812.050089976411,1935.56568620797,2704.3646688069
Speaker109,f,ɛ,821.986306682832,1820.33677126376,2489.6599985502
Speaker109,f,ɛ,869.220445650333,2000.72381671755,2240.38758499879
Speaker109,f,ɛ,829.140261215561,1970.71426804118,2121.61534205203
Speaker109,f,ɛ̃,808.923810639185,1905.30838859853,2073.94538545821
Speaker109,f,ɛ̃,715.387403732768,1264.43594228353,1998.41982350808
Speaker109,f,ɨ,497.838460456288,1104.33965016896,3464.98240513574
Speaker109,f,ɨ,472.296394862119,969.26565410314,3322.44700363493
Speaker109,f,ɨ,428.773632650961,1368.09935582547,3319.78030106411
Speaker109,f,ə̃,532.456196185353,958.676709132797,3420.92366625853
Speaker109,f,ə̃,526.319796491695,1050.9733382643,3427.16832254856
Speaker109,f,ə̃,775.824251124402,1198.0271278636,3308.35356701284
Speaker109,f,ɨ,532.497940673815,1091.84131845927,3362.78335004169
Speaker109,f,ɨ,623.32092666896,1227.97219913676,3330.45939330172
Speaker109,f,ɨ,660.971111100335,1084.25971656294,3270.69398973748
Speaker109,f,ə,652.612747570268,1033.72252079012,2860.01150021523
Speaker109,f,ə,665.653848681855,1100.26049880849,2954.72269321711
Speaker109,f,ə,604.109907852528,1048.07631110192,2872.66944610161
Speaker109,f,ə,510.245716714302,1055.41254762673,3152.17042635895
Speaker109,f,ə,693.919427126297,1165.0511464535,3146.65644479656
Speaker109,f,ə,855.10017119237,1227.76140980162,3047.10516769956
Speaker109,f,ə̃,419.792860718491,1308.84949805995,2648.40868821206
Speaker109,f,ə̃,431.107214529141,1351.8653357568,2495.0168914894
Speaker109,f,ə̃,429.157164054033,1500.70071272017,2457.73151815738
Speaker109,f,ə,620.833328991087,1180.68295497367,2834.57425619016
Speaker109,f,ə,614.020153553711,1142.197892048,3140.99272174157
Speaker109,f,ə,560.790953495021,1110.08141922367,3060.02078543802
Speaker109,f,ɨ̃,522.274971788936,1166.39062781115,3524.7058194967
Speaker109,f,ɨ̃,347.261816651924,906.615829703803,2820.25144554624
Speaker109,f,ɨ̃,575.689709012252,1101.94823726672,3411.5508503693
Speaker109,f,ə,593.152990170591,1161.26001774472,2929.28006439049
Speaker109,f,ə,650.438658155852,1242.10776575107,2834.36407250106
Speaker109,f,ə,695.96642176372,1274.7372070946,3197.7348618861
Speaker109,f,ə̃,582.954305234751,1103.3752019582,2839.18753117194
Speaker109,f,ə̃,588.485971014333,1307.40419820006,2942.76745013678
Speaker109,f,ə̃,606.541185717853,1231.69566935804,3348.25418001294
Speaker109,f,a,964.9386313675,1355.15390554789,2972.99731395659
Speaker109,f,a,943.741872031142,1325.15288147398,2746.49706095937
Speaker109,f,a,1002.18767590381,1363.18233612563,2876.59775422466
Speaker109,f,ã,955.408044325808,1401.47716022956,2566.31409072402
Speaker109,f,ã,920.530045450761,1323.7470062115,2405.61054795765
Speaker109,f,ã,982.64316897739,1423.66559917683,2390.01641070213
Speaker109,f,a,946.551918273552,1445.01251373395,3045.57959385644
Speaker109,f,a,959.453597548896,1378.14564908877,2887.54991232068
Speaker109,f,a,947.867440803963,1430.22968522231,2911.75682879886
Speaker109,f,ã,784.81223712082,1314.24239250839,2054.02241763602
Speaker109,f,ã,776.769200762457,1182.55881461229,2543.64624902229
Speaker109,f,ã,841.861693404906,1322.82661481296,1789.49524035891
Speaker109,f,a,958.351626155045,1512.23063305434,2842.68600483642
Speaker109,f,a,976.253262097337,1490.40877440423,2963.78624732582
Speaker109,f,ã,1053.34397389123,1319.84529359132,3100.78204465519
Speaker109,f,a,1079.65103365383,1322.56575886992,3113.6367835862
Speaker109,f,ã,785.650294422729,1111.54910350193,2118.90104570927
Speaker109,f,a,867.704870618417,1214.36627636572,3287.23676372193
Speaker109,f,a,929.84577950988,1211.91735593214,3284.49995665612
Speaker109,f,a,912.452306010693,1244.94350065974,3345.72419292345
Speaker109,f,ã,1116.10712707403,1442.76348288763,3208.56649326548
Speaker109,f,ã,1094.55320489582,1427.34852540164,3379.51813708488
Speaker109,f,ã,1053.65321851925,1311.14009068516,3403.19165992113
Speaker109,f,a,1109.87249025077,1461.058511127,2610.06191970326
Speaker109,f,a,1004.23912905436,1460.46747531941,2631.17421072008
Speaker109,f,a,1035.89003551212,1543.98516081728,2682.99115633217
Speaker109,f,ã,653.387102472677,1480.88208958009,3344.08711720228
Speaker109,f,ã,522.466665027106,963.768712545194,1444.89159902583
Speaker109,f,ã,577.051127537463,1426.16147054694,3052.66001372216
Speaker109,f,u,428.413994813681,1156.84597116808,2600.79530946988
Speaker109,f,u,388.507573103899,1305.73310332922,2664.38437204125
Speaker109,f,u,393.92527255702,1251.04267074632,2476.24654991093
Speaker109,f,ũ,311.895667464142,1284.04846951317,3077.33883495292
Speaker109,f,ũ,295.93583882734,1214.38390410883,3048.55188046191
Speaker109,f,ũ,314.338368039682,1267.08985031666,2563.19047973209
Speaker109,f,u,381.499802498196,985.209842109512,3137.14829890363
Speaker109,f,u,360.086922086736,1016.6124825287,2930.28956011913
Speaker109,f,u,352.260931133467,736.645750534023,3258.26555134298
Speaker109,f,ũ,441.053088535602,801.798830068054,3098.00288935498
Speaker109,f,ũ,333.353720896446,969.815981647883,3123.96392995838
Speaker109,f,ũ,364.992968581344,852.419876299427,3697.51903865886
Speaker109,f,u,420.629753409927,825.816493655168,2839.34950329635
Speaker109,f,u,409.550276452982,688.279718463817,3067.06662362765
Speaker109,f,u,458.917312722497,1023.12876600154,2840.19718390694
Speaker109,f,ũ,322.355986448939,1013.5208402772,2592.78369213054
Speaker109,f,ũ,430.05527421888,1163.13154140684,2340.94686058656
Speaker109,f,ũ,383.00951574885,884.342206818242,2335.87577972288
Speaker109,f,o,554.28566646813,1160.52416177895,3023.38761516816
Speaker109,f,o,657.5246857949,1184.03651603063,3071.85465200281
Speaker109,f,o,590.335236835886,1213.10680559937,3142.0768397556
Speaker109,f,õ,678.325921992629,1111.21117734179,3110.1972747712
Speaker109,f,õ,914.996058964298,1176.64909533745,3222.69185735547
Speaker109,f,õ,769.496834907202,1084.66869422334,3306.64655595082
Speaker109,f,o,443.64757043058,765.817220188958,2959.88102907799
Speaker109,f,o,457.952440927879,831.872793485424,3022.1306653634
Speaker109,f,o,483.456242565017,768.969337661729,2981.93519045435
Speaker109,f,õ,781.954324353067,1011.62747974955,3215.3478898708
Speaker109,f,õ,739.407596268578,1537.71659088261,3392.1291386316
Speaker109,f,õ,551.706960367246,935.054266407126,3104.43068979485
Speaker109,f,o,568.195730180122,904.498733266429,3242.24151635563
Speaker109,f,o,525.712170373774,813.040018301027,3078.02804065979
Speaker109,f,o,528.795313937339,826.220466833805,3071.69940778578
Speaker109,f,ɔ̃,705.555419521811,1095.59586980446,3345.74688331085
Speaker109,f,ɔ̃,803.565724514931,1103.84045752383,3316.40084511814
Speaker109,f,ɔ̃,758.877270260255,1136.77514961657,3186.46190991213
Speaker109,f,o,469.336863265108,1006.74217863883,2693.97552820921
Speaker109,f,o,462.400627302109,921.486921904546,3035.54079438785
Speaker109,f,o,519.050620107257,827.489421434576,3066.20802275591
Speaker109,f,ɔ̃,718.023702758375,1104.88190642932,2843.5972756922
Speaker109,f,ɔ̃,692.649336552796,1172.26548412312,2900.04496309468
Speaker109,f,ɔ̃,764.883416056117,1190.76471082418,3003.9744189102
Speaker109,f,ɔ,536.652688011046,886.841376508284,2958.48853283168
Speaker109,f,ɔ,773.985902729017,1071.4089644003,2866.38971538486
Speaker109,f,ɔ,762.711337781517,1101.87800852892,2890.34595516876
Speaker109,f,ɔ̃,706.948233869398,1216.13157122818,2714.97654608115
Speaker109,f,ɔ̃,846.827287980513,1089.7715795331,3304.54904799199
Speaker109,f,ɔ̃,604.082205647883,901.556184791386,2990.52486610267
Speaker109,f,ɔ,735.763275054795,1171.43003345963,3208.67843219568
Speaker109,f,ɔ,711.43760822745,1272.1789575892,2981.72371332344
Speaker109,f,ɔ,627.9476947046,1203.93395762352,3142.60805921208
Speaker109,f,ɔ̃,719.325156473458,1358.68822898734,3071.8700973811
Speaker109,f,ɔ̃,745.571104334221,1141.72396965389,3322.67555780503
Speaker109,f,ɔ,669.556955464619,959.029368015307,2555.90006946019
Speaker109,f,ɔ,853.627591655761,1171.35156707328,2924.75268578191
Speaker109,f,ɔ,655.285283126043,1019.25557307164,2555.17994300683
Speaker109,f,ɔ̃,298.225302077619,899.215093959475,1621.31446946966
Speaker109,f,ɔ̃,815.543435715291,1173.29038148095,3385.1552869566
Speaker109,f,ɔ̃,641.816115909243,1049.38933501515,2744.3668712894
Speaker109,f,ɔ,563.002960481801,907.193872223006,2743.07726527234
Speaker109,f,ɔ,550.950084142431,1015.29596329957,2757.2291481035
Speaker109,f,ɔ,546.104294934568,983.357156950062,2800.55177334926
Speaker109,f,ɔ̃,902.850155735212,940.841822595696,3334.74998908406
Speaker109,f,ɔ̃,791.037228123422,1050.1683017887,3204.22691446424
Speaker109,f,ɔ̃,504.438128341711,857.093167429971,3466.37969166558
